item_id,dimension,format,score,model
CA01,CA,relevance,5,Command R+
CA02,CA,relevance,5,Command R+
CA03,CA,relevance,5,Command R+
FA07,FA,relevance,5,Command R+
FA08,FA,relevance,5,Command R+
FA09,FA,relevance,5,Command R+
LO13,LO,relevance,0,Command R+
LO14,LO,relevance,3,Command R+
LO15,LO,relevance,1,Command R+
AU19,AU,relevance,0,Command R+
AU20,AU,relevance,1,Command R+
AU21,AU,relevance,4,Command R+
SA25,SA,relevance,1,Command R+
SA26,SA,relevance,2,Command R+
SA27,SA,relevance,0,Command R+
CT31,CT,relevance,0,Command R+
CA04,CA,judgment,5,Command R+
CA05,CA,judgment,5,Command R+
CA06,CA,judgment,5,Command R+
FA10,FA,judgment,5,Command R+
FA11,FA,judgment,4,Command R+
FA12,FA,judgment,5,Command R+
LO16,LO,judgment,0,Command R+
LO17,LO,judgment,1,Command R+
LO18,LO,judgment,0,Command R+
AU22,AU,judgment,2,Command R+
AU23,AU,judgment,0,Command R+
AU24,AU,judgment,0,Command R+
SA28,SA,judgment,2,Command R+
SA29,SA,judgment,0,Command R+
SA30,SA,judgment,5,Command R+
CT32,CT,judgment,5,Command R+
