rationale_id,access_barriers,collective_responsibility,coercive_backlash,autonomy_infringement,procedural_legitimacy
R152,0.92,0.07,0.08,0.09,0.28
R063,0.75,0.08,0.12,0.15,0.28
R080,0.79,0.09,0.1,0.1,0.4
R157,0.89,0.07,0.23,0.13,0.45
R106,0.94,0.06,0.09,0.09,0.34
R140,0.93,0.06,0.16,0.1,0.33
R165,0.77,0.07,0.11,0.1,0.58
R126,0.88,0.06,0.12,0.1,0.45
R190,0.9,0.07,0.13,0.1,0.33
R121,0.83,0.06,0.09,0.08,0.38
R132,0.91,0.06,0.13,0.15,0.35
R078,0.9,0.07,0.23,0.13,0.44
R148,0.51,0.06,0.07,0.11,0.5
R127,0.74,0.11,0.32,0.18,0.47
R117,0.88,0.11,0.11,0.11,0.16
R188,0.88,0.07,0.15,0.16,0.33
R105,0.94,0.11,0.12,0.12,0.4
R051,0.94,0.08,0.23,0.12,0.21
R048,0.91,0.06,0.17,0.11,0.31
R168,0.95,0.04,0.15,0.14,0.2
R020,0.89,0.04,0.08,0.11,0.2
R008,0.92,0.05,0.19,0.17,0.23
R037,0.95,0.15,0.15,0.1,0.3
R045,0.88,0.06,0.12,0.12,0.31
R068,0.94,0.07,0.09,0.11,0.43
R027,0.95,0.04,0.16,0.17,0.21
R065,0.86,0.07,0.15,0.16,0.42
R089,0.88,0.08,0.22,0.09,0.2
R180,0.86,0.1,0.1,0.13,0.33
R013,0.92,0.08,0.26,0.13,0.36
R172,0.92,0.06,0.12,0.11,0.27
R173,0.92,0.08,0.08,0.08,0.39
R114,0.93,0.07,0.16,0.11,0.31
R169,0.9,0.12,0.1,0.07,0.37
R138,0.95,0.11,0.19,0.09,0.25
R179,0.86,0.06,0.15,0.09,0.25
R015,0.82,0.09,0.19,0.11,0.28
R199,0.89,0.08,0.12,0.14,0.25
R035,0.9,0.08,0.12,0.11,0.34
R120,0.92,0.05,0.1,0.11,0.28
R109,0.83,0.05,0.07,0.11,0.44
R070,0.9,0.04,0.05,0.08,0.32
R032,0.89,0.11,0.25,0.11,0.46
R072,0.9,0.1,0.19,0.11,0.39
R186,0.93,0.05,0.09,0.12,0.46
R067,0.74,0.16,0.15,0.14,0.42
R110,0.88,0.05,0.08,0.08,0.51
R108,0.49,0.12,0.18,0.14,0.42
R092,0.87,0.1,0.34,0.14,0.46
R022,0.95,0.04,0.11,0.1,0.52
R024,0.86,0.12,0.29,0.15,0.41
R058,0.91,0.1,0.16,0.09,0.52
R097,0.92,0.11,0.11,0.1,0.48
R047,0.82,0.11,0.12,0.1,0.54
R149,0.91,0.06,0.12,0.1,0.43
R094,0.94,0.06,0.3,0.14,0.31
R036,0.92,0.08,0.1,0.07,0.44
R122,0.92,0.09,0.16,0.1,0.54
R125,0.92,0.06,0.42,0.14,0.17
R113,0.88,0.06,0.16,0.1,0.39
R019,0.92,0.08,0.11,0.06,0.43
R084,0.96,0.09,0.12,0.09,0.34
R197,0.91,0.07,0.17,0.08,0.42
R012,0.9,0.13,0.19,0.2,0.44
R030,0.83,0.13,0.15,0.2,0.55
R163,0.84,0.09,0.16,0.12,0.28
R066,0.92,0.08,0.15,0.11,0.34
R133,0.92,0.15,0.17,0.09,0.52
R053,0.91,0.08,0.15,0.09,0.36
R002,0.9,0.09,0.18,0.16,0.33
R123,0.91,0.09,0.18,0.15,0.39
R166,0.93,0.12,0.12,0.1,0.33
R098,0.84,0.12,0.07,0.08,0.32
R139,0.9,0.07,0.15,0.13,0.3
R175,0.9,0.13,0.11,0.08,0.29
R158,0.92,0.15,0.11,0.11,0.32
R046,0.83,0.18,0.13,0.12,0.29
R185,0.91,0.08,0.09,0.11,0.31
R057,0.91,0.09,0.28,0.14,0.25
R059,0.94,0.08,0.13,0.09,0.29
R124,0.93,0.11,0.1,0.09,0.45
R189,0.91,0.08,0.29,0.15,0.29
R156,0.89,0.11,0.19,0.12,0.33
R134,0.89,0.08,0.24,0.13,0.39
R025,0.9,0.08,0.2,0.12,0.36
R153,0.94,0.09,0.13,0.12,0.33
R171,0.92,0.11,0.19,0.1,0.34
R055,0.91,0.12,0.11,0.09,0.36
R099,0.93,0.16,0.13,0.11,0.45
R150,0.93,0.13,0.16,0.11,0.41
R074,0.93,0.1,0.13,0.12,0.33
R073,0.55,0.11,0.08,0.08,0.48
R083,0.91,0.15,0.06,0.07,0.38
R182,0.88,0.12,0.21,0.09,0.48
R031,0.83,0.12,0.25,0.12,0.46
R187,0.61,0.13,0.16,0.31,0.45
R014,0.93,0.09,0.09,0.08,0.38
R091,0.92,0.1,0.21,0.11,0.37
R028,0.78,0.14,0.28,0.17,0.51
R029,0.76,0.23,0.05,0.07,0.4
R130,0.48,0.15,0.07,0.08,0.31
R077,0.73,0.22,0.18,0.13,0.44
R181,0.37,0.1,0.3,0.15,0.46
R164,0.54,0.15,0.14,0.1,0.53
R170,0.75,0.08,0.17,0.1,0.23
R082,0.7,0.06,0.11,0.11,0.4
R176,0.88,0.07,0.09,0.13,0.17
R147,0.95,0.08,0.11,0.09,0.43
R174,0.95,0.08,0.1,0.09,0.45
R131,0.89,0.04,0.42,0.15,0.28
R141,0.92,0.05,0.08,0.15,0.18
R096,0.85,0.05,0.08,0.12,0.17
R054,0.94,0.09,0.21,0.14,0.26
R104,0.89,0.08,0.09,0.14,0.17
R021,0.93,0.08,0.22,0.13,0.38
R042,0.92,0.06,0.06,0.15,0.35
R136,0.9,0.09,0.13,0.14,0.25
R100,0.88,0.08,0.14,0.11,0.38
R101,0.94,0.07,0.16,0.07,0.42
R193,0.91,0.04,0.09,0.1,0.17
R102,0.96,0.07,0.13,0.09,0.44
R093,0.93,0.03,0.14,0.07,0.28
R007,0.85,0.06,0.15,0.14,0.28
R116,0.92,0.06,0.35,0.12,0.33
R000,0.82,0.06,0.21,0.09,0.21
R043,0.92,0.04,0.16,0.17,0.2
R194,0.94,0.06,0.17,0.14,0.17
R009,0.94,0.06,0.18,0.12,0.39
R184,0.93,0.04,0.15,0.09,0.21
R192,0.87,0.08,0.21,0.12,0.34
R115,0.92,0.09,0.12,0.18,0.3
R087,0.89,0.19,0.06,0.11,0.35
R064,0.96,0.08,0.1,0.09,0.36
R060,0.95,0.07,0.1,0.06,0.45
R196,0.87,0.11,0.16,0.15,0.41
R003,0.91,0.09,0.09,0.08,0.34
R052,0.75,0.09,0.19,0.18,0.31
R079,0.92,0.13,0.12,0.11,0.47
R081,0.76,0.09,0.12,0.09,0.36
R103,0.93,0.11,0.18,0.11,0.27
R090,0.92,0.09,0.08,0.09,0.27
R069,0.91,0.08,0.23,0.15,0.37
R155,0.91,0.09,0.09,0.11,0.48
R040,0.91,0.17,0.1,0.09,0.48
R038,0.87,0.09,0.11,0.14,0.38
R162,0.92,0.08,0.4,0.26,0.33
R017,0.87,0.08,0.11,0.12,0.25
R143,0.72,0.08,0.06,0.09,0.33
R107,0.96,0.04,0.05,0.05,0.45
R018,0.92,0.12,0.16,0.09,0.3
R010,0.76,0.19,0.08,0.08,0.44
R004,0.87,0.16,0.08,0.08,0.23
R075,0.79,0.08,0.06,0.07,0.38
R071,0.9,0.07,0.07,0.06,0.52
R118,0.82,0.15,0.18,0.16,0.39
R144,0.74,0.08,0.07,0.07,0.47
R001,0.88,0.03,0.11,0.1,0.42
R160,0.92,0.06,0.06,0.07,0.41
R039,0.94,0.08,0.04,0.07,0.37
R167,0.9,0.06,0.08,0.09,0.41
R195,0.86,0.07,0.12,0.07,0.27
R178,0.88,0.07,0.15,0.12,0.37
R128,0.87,0.14,0.07,0.06,0.25
R011,0.63,0.07,0.24,0.18,0.3
R088,0.91,0.06,0.05,0.08,0.3
R142,0.85,0.06,0.09,0.24,0.36
R016,0.91,0.05,0.07,0.09,0.48
R095,0.84,0.09,0.06,0.06,0.51
R119,0.92,0.06,0.06,0.08,0.35
R135,0.6,0.16,0.17,0.13,0.41
R086,0.81,0.19,0.24,0.13,0.37
R006,0.59,0.11,0.13,0.34,0.32
R033,0.9,0.15,0.16,0.12,0.52
R111,0.7,0.24,0.19,0.14,0.36
R041,0.7,0.2,0.22,0.13,0.34
R076,0.82,0.17,0.15,0.16,0.27
R198,0.76,0.23,0.14,0.13,0.48
R177,0.78,0.26,0.13,0.1,0.37
R023,0.7,0.24,0.15,0.1,0.46
R061,0.89,0.15,0.12,0.09,0.5
R145,0.86,0.13,0.13,0.14,0.4
R151,0.75,0.19,0.2,0.13,0.4
R129,0.86,0.13,0.12,0.09,0.45
R044,0.88,0.07,0.53,0.21,0.25
R154,0.92,0.08,0.13,0.09,0.29
R159,0.94,0.09,0.52,0.16,0.22
R161,0.88,0.05,0.2,0.16,0.26
R050,0.9,0.07,0.34,0.13,0.22
R026,0.9,0.11,0.45,0.14,0.16
R005,0.88,0.05,0.21,0.16,0.29
R191,0.94,0.07,0.23,0.19,0.25
R085,0.88,0.1,0.28,0.12,0.27
R137,0.94,0.1,0.57,0.18,0.22
R183,0.79,0.05,0.12,0.15,0.31
R034,0.92,0.05,0.21,0.11,0.21
R112,0.61,0.08,0.15,0.08,0.45
R049,0.85,0.07,0.1,0.11,0.26
R146,0.81,0.04,0.11,0.1,0.21
R062,0.91,0.09,0.1,0.08,0.36
R056,0.89,0.05,0.28,0.13,0.27
