rationale_id,access_barriers,collective_responsibility,coercive_backlash,autonomy_infringement,procedural_legitimacy
R152,0.6704,0.1566,0.2721,0.1308,0.0871
R063,0.6386,0.0896,0.3460,0.1828,0.0685
R080,0.3380,0.2007,0.1223,0.1565,0.3492
R157,0.6561,0.1656,0.3100,0.1548,0.0937
R106,0.7000,0.1489,0.1887,0.1100,0.1459
R140,0.2392,0.1214,0.1357,0.1297,0.0707
R165,0.2710,0.0953,0.0891,0.1041,0.3500
R126,0.4242,0.0924,0.2255,0.0988,0.2368
R190,0.6520,0.1306,0.1660,0.1835,0.1366
R121,0.4983,0.2444,0.0936,0.0890,0.5256
R132,0.3666,0.2103,0.1594,0.1470,0.2347
R078,0.6561,0.1656,0.3100,0.1548,0.0937
R148,0.3174,0.1086,0.0998,0.1860,0.6172
R127,0.3234,0.0981,0.2656,0.2507,0.1773
R117,0.2943,0.2463,0.2847,0.3364,0.1030
R188,0.6458,0.1523,0.2833,0.1648,0.2728
R105,0.2949,0.1152,0.2815,0.2038,0.0939
R051,0.6877,0.0930,0.1786,0.1838,0.1155
R048,0.8050,0.1567,0.1634,0.1168,0.1415
R168,0.4091,0.1247,0.1755,0.3304,0.1024
R020,0.3120,0.1096,0.1930,0.4693,0.1061
R008,0.1741,0.2402,0.1748,0.2218,0.0803
R037,0.4979,0.1594,0.1566,0.1597,0.0985
R045,0.2904,0.1037,0.1695,0.1958,0.1832
R068,0.2977,0.1461,0.3176,0.4770,0.1002
R027,0.2370,0.1156,0.3852,0.3180,0.0834
R065,0.5826,0.1750,0.2019,0.1872,0.2505
R089,0.4248,0.1800,0.2383,0.3322,0.2494
R180,0.4533,0.3869,0.2429,0.3291,0.4915
R013,0.3268,0.3105,0.2643,0.3030,0.2042
R172,0.6941,0.1141,0.2203,0.2318,0.1781
R173,0.3343,0.1541,0.1931,0.2044,0.3055
R114,0.2054,0.2381,0.2486,0.2187,0.2439
R169,0.4635,0.1399,0.1487,0.1467,0.2708
R138,0.4804,0.1740,0.1832,0.2689,0.3676
R179,0.6834,0.2053,0.2376,0.5021,0.3057
R015,0.4371,0.2011,0.2774,0.2008,0.5959
R199,0.4797,0.1359,0.2156,0.1613,0.4081
R035,0.7417,0.1602,0.3170,0.2275,0.5543
R120,0.2564,0.5500,0.1574,0.1634,0.4376
R109,0.3564,0.1793,0.1724,0.1709,0.2714
R070,0.3992,0.1845,0.1393,0.1635,0.6517
R032,0.5625,0.2765,0.2155,0.1274,0.2086
R072,0.2187,0.1364,0.2767,0.1378,0.2436
R186,0.4330,0.1673,0.1645,0.2335,0.1686
R067,0.1889,0.2135,0.1631,0.0782,0.4284
R110,0.4128,0.2335,0.1520,0.2022,0.5667
R108,0.1489,0.3183,0.1907,0.0702,0.6528
R092,0.3156,0.1893,0.2299,0.0929,0.1649
R022,0.6029,0.2994,0.1240,0.2517,0.2529
R024,0.2004,0.1647,0.3428,0.1162,0.2347
R058,0.4482,0.2088,0.1999,0.1044,0.2130
R097,0.4100,0.1472,0.1073,0.1694,0.2701
R047,0.7438,0.2776,0.1649,0.1926,0.3811
R149,0.3069,0.1208,0.1508,0.1658,0.1699
R094,0.5078,0.1383,0.1954,0.2764,0.1172
R036,0.7827,0.1442,0.2449,0.1943,0.2557
R122,0.4977,0.1482,0.2167,0.1884,0.2233
R125,0.6078,0.1341,0.1853,0.1339,0.1063
R113,0.6556,0.1535,0.2581,0.1655,0.1151
R019,0.7827,0.1442,0.2449,0.1943,0.2557
R084,0.4445,0.1391,0.2088,0.1431,0.1310
R197,0.7648,0.1262,0.2815,0.2184,0.1215
R012,0.5223,0.2889,0.4424,0.2718,0.5791
R030,0.2595,0.1297,0.2058,0.3468,0.5175
R163,0.2825,0.1719,0.1832,0.2100,0.2051
R066,0.4463,0.1311,0.1629,0.1240,0.1037
R133,0.6320,0.5976,0.1092,0.1217,0.3920
R053,0.5297,0.2358,0.1864,0.3606,0.1919
R002,0.3275,0.1609,0.3012,0.1548,0.1713
R123,0.2992,0.1568,0.2760,0.1279,0.1670
R166,0.7444,0.1148,0.1745,0.1490,0.0944
R098,0.1319,0.2146,0.1066,0.0862,0.3873
R139,0.3220,0.1476,0.1376,0.1391,0.1030
R175,0.4881,0.4696,0.1380,0.1700,0.5420
R158,0.6738,0.1319,0.1223,0.1673,0.1262
R046,0.3373,0.2858,0.1554,0.1846,0.2970
R185,0.5107,0.1558,0.1359,0.2342,0.1214
R057,0.5526,0.1413,0.2745,0.1903,0.3981
R059,0.5529,0.1515,0.2216,0.1472,0.1192
R124,0.6777,0.1839,0.1190,0.2406,0.2431
R189,0.5122,0.1444,0.3155,0.1799,0.3709
R156,0.4355,0.1873,0.2408,0.2383,0.4491
R134,0.3688,0.1806,0.2323,0.2188,0.1864
R025,0.2488,0.0993,0.1935,0.1965,0.2035
R153,0.2916,0.2317,0.1438,0.0984,0.1390
R171,0.5957,0.1213,0.1536,0.2958,0.4544
R055,0.4313,0.1279,0.2339,0.1460,0.1079
R099,0.3668,0.2225,0.0821,0.1358,0.1333
R150,0.3988,0.1640,0.2078,0.1635,0.1177
R074,0.2916,0.2317,0.1438,0.0984,0.1390
R073,0.1735,0.1956,0.1342,0.1073,0.4484
R083,0.3494,0.1831,0.1717,0.1331,0.3728
R182,0.5731,0.1655,0.0975,0.1823,0.2579
R031,0.3435,0.2178,0.1719,0.1751,0.1915
R187,0.1950,0.1248,0.2065,0.0863,0.3670
R014,0.6107,0.2574,0.1023,0.1499,0.1497
R091,0.5105,0.1984,0.0929,0.1849,0.2034
R028,0.4658,0.3441,0.1884,0.1727,0.4744
R029,0.3363,0.2893,0.1215,0.0977,0.4644
R130,0.2967,0.1940,0.2823,0.2150,0.5666
R077,0.3902,0.6274,0.1403,0.1298,0.6508
R181,0.1770,0.1240,0.1381,0.1008,0.2286
R164,0.2769,0.2397,0.1623,0.1115,0.2176
R170,0.4717,0.1870,0.1731,0.1387,0.3045
R082,0.2075,0.0850,0.0880,0.0842,0.1519
R176,0.4751,0.1405,0.0775,0.1627,0.1400
R147,0.7334,0.0969,0.1979,0.1223,0.1282
R174,0.7657,0.1461,0.1410,0.1130,0.0945
R131,0.4596,0.1119,0.2626,0.0899,0.2420
R141,0.2865,0.1687,0.1895,0.2542,0.0916
R096,0.5952,0.2466,0.0863,0.1723,0.1176
R054,0.4251,0.2277,0.2560,0.2401,0.1400
R104,0.4751,0.1405,0.0775,0.1627,0.1400
R021,0.4440,0.1486,0.1558,0.1449,0.0964
R042,0.4318,0.1378,0.1262,0.1128,0.2091
R136,0.2037,0.1457,0.2036,0.1925,0.2873
R100,0.3775,0.1339,0.1556,0.1286,0.1180
R101,0.3979,0.1085,0.2208,0.1955,0.1292
R193,0.3652,0.1646,0.2266,0.1298,0.4238
R102,0.3382,0.1364,0.1865,0.1870,0.1014
R093,0.2990,0.1183,0.2750,0.1678,0.0992
R007,0.2249,0.1367,0.0954,0.1509,0.1411
R116,0.5659,0.1502,0.2579,0.1539,0.1096
R000,0.4310,0.1352,0.1261,0.1711,0.2222
R043,0.3475,0.1197,0.1493,0.1581,0.1229
R194,0.5197,0.1416,0.2320,0.2315,0.1761
R009,0.2535,0.1191,0.1255,0.2055,0.1125
R184,0.4043,0.1682,0.4059,0.1307,0.1042
R192,0.1701,0.1190,0.1852,0.1362,0.1642
R115,0.4984,0.1259,0.2393,0.1978,0.1315
R087,0.5376,0.1148,0.1110,0.1183,0.1391
R064,0.6034,0.1156,0.1871,0.2576,0.1375
R060,0.7622,0.1317,0.1573,0.2260,0.1479
R196,0.5326,0.1135,0.1560,0.2652,0.1465
R003,0.4434,0.1906,0.1870,0.1197,0.2931
R052,0.6227,0.1067,0.1890,0.1042,0.2118
R079,0.4952,0.1664,0.0961,0.2170,0.2905
R081,0.5036,0.1502,0.1493,0.1793,0.2620
R103,0.5256,0.0974,0.1747,0.2068,0.1150
R090,0.5001,0.1796,0.1452,0.2151,0.1267
R069,0.4103,0.0859,0.1275,0.3059,0.4469
R155,0.6575,0.1157,0.1791,0.2220,0.2261
R040,0.4971,0.2893,0.1267,0.0622,0.2661
R038,0.4720,0.2060,0.3249,0.1960,0.5228
R162,0.3915,0.1561,0.1509,0.3804,0.2855
R017,0.3861,0.3481,0.2608,0.1696,0.3854
R143,0.3355,0.1908,0.1269,0.0961,0.4271
R107,0.3745,0.0904,0.2132,0.1553,0.1515
R018,0.2455,0.2127,0.1908,0.1123,0.5174
R010,0.2420,0.2895,0.1421,0.0804,0.5145
R004,0.2875,0.1555,0.1705,0.1569,0.5552
R075,0.5320,0.3166,0.1284,0.1640,0.6631
R071,0.2267,0.3131,0.0988,0.0822,0.6916
R118,0.2206,0.3168,0.1230,0.0931,0.5917
R144,0.3080,0.3528,0.1507,0.1116,0.4276
R001,0.4853,0.2067,0.0977,0.1315,0.2197
R160,0.6838,0.4384,0.1746,0.1414,0.1115
R039,0.5625,0.1877,0.1188,0.1778,0.1344
R167,0.2959,0.1248,0.1892,0.1602,0.1432
R195,0.7007,0.1866,0.3472,0.1476,0.1967
R178,0.5205,0.1307,0.1661,0.1969,0.1727
R128,0.4832,0.4042,0.1637,0.1081,0.4827
R011,0.2347,0.1584,0.3522,0.1650,0.1746
R088,0.3892,0.2959,0.1972,0.1280,0.1487
R142,0.4742,0.1407,0.2270,0.1715,0.1292
R016,0.6669,0.1685,0.1460,0.0977,0.2512
R095,0.5705,0.2016,0.1752,0.1640,0.5486
R119,0.6996,0.2725,0.2121,0.1241,0.1626
R135,0.2041,0.1991,0.1859,0.1555,0.2442
R086,0.6341,0.1232,0.2825,0.1094,0.0887
R006,0.2455,0.1355,0.1801,0.1194,0.1733
R033,0.5456,0.1700,0.1824,0.1981,0.1957
R111,0.5050,0.2131,0.2787,0.0858,0.1783
R041,0.4448,0.2040,0.3042,0.0927,0.1259
R076,0.2378,0.2834,0.1108,0.0923,0.4693
R198,0.5838,0.2466,0.1702,0.0835,0.2170
R177,0.5889,0.1937,0.3618,0.0710,0.1081
R023,0.4821,0.2016,0.2256,0.0817,0.3210
R061,0.3398,0.1725,0.1713,0.1288,0.2102
R145,0.2733,0.2327,0.1507,0.1296,0.4776
R151,0.3551,0.1345,0.3361,0.0924,0.0981
R129,0.1838,0.1836,0.0728,0.1785,0.3163
R044,0.5128,0.1631,0.1429,0.1321,0.1082
R154,0.2748,0.1478,0.0800,0.1884,0.1188
R159,0.3280,0.1561,0.2726,0.1582,0.1517
R161,0.4981,0.1528,0.4088,0.1326,0.1106
R050,0.3941,0.2024,0.2798,0.1492,0.3072
R026,0.2916,0.1326,0.1839,0.3093,0.1257
R005,0.4981,0.1528,0.4088,0.1326,0.1106
R191,0.4138,0.1597,0.1981,0.2172,0.0919
R085,0.1764,0.1481,0.1106,0.2666,0.2578
R137,0.3280,0.1561,0.2726,0.1582,0.1517
R183,0.5016,0.1027,0.1539,0.1579,0.0822
R034,0.3154,0.1257,0.1427,0.1633,0.1463
R112,0.6263,0.0985,0.1940,0.1911,0.1928
R049,0.5493,0.2053,0.2909,0.1151,0.1665
R146,0.6231,0.1298,0.2738,0.1561,0.2830
R062,0.6745,0.1588,0.1539,0.2064,0.1017
R056,0.4562,0.1319,0.1589,0.2120,0.4635
