profile_id,burden_level,willingness,willingness_conf,access_barrier,coercion
P01,low,3.13,0.72,0.1,0.04
P01,high,1.56,0.51,0.93,0.19
P02,low,3.32,0.66,0.09,0.03
P02,high,1.58,0.5,0.93,0.26
P03,low,3.11,0.76,0.09,0.03
P03,high,1.82,0.51,0.88,0.22
P04,low,3.09,0.8,0.09,0.03
P04,high,1.72,0.59,0.88,0.16
P05,low,3.36,0.67,0.06,0.03
P05,high,1.79,0.58,0.91,0.22
P06,low,3.14,0.81,0.06,0.03
P06,high,2.08,0.59,0.83,0.2
P07,low,3.04,0.79,0.09,0.03
P07,high,1.78,0.6,0.89,0.17
P08,low,3.27,0.71,0.07,0.03
P08,high,1.78,0.58,0.91,0.25
P09,low,3.04,0.83,0.06,0.03
P09,high,2.09,0.55,0.84,0.18
P10,low,3.1,0.81,0.08,0.04
P10,high,1.56,0.52,0.92,0.18
P11,low,3.28,0.73,0.07,0.03
P11,high,1.78,0.58,0.92,0.26
P12,low,3.08,0.84,0.06,0.04
P12,high,1.97,0.6,0.88,0.2
P13,low,3.08,0.86,0.07,0.03
P13,high,1.76,0.64,0.89,0.17
P14,low,3.24,0.77,0.06,0.03
P14,high,1.95,0.65,0.9,0.23
P15,low,3.09,0.87,0.05,0.03
P15,high,2.19,0.58,0.84,0.17
P16,low,3.04,0.86,0.07,0.03
P16,high,1.86,0.62,0.89,0.17
P17,low,3.3,0.73,0.06,0.03
P17,high,2.01,0.61,0.9,0.24
P18,low,3.06,0.88,0.05,0.03
P18,high,2.22,0.57,0.83,0.2
P19,low,3.18,0.8,0.08,0.04
P19,high,1.67,0.56,0.92,0.18
P20,low,3.36,0.68,0.06,0.03
P20,high,1.89,0.62,0.92,0.27
P21,low,3.16,0.81,0.06,0.04
P21,high,1.95,0.55,0.89,0.23
P22,low,3.11,0.84,0.06,0.03
P22,high,1.96,0.64,0.88,0.18
P23,low,3.33,0.71,0.05,0.03
P23,high,2.13,0.61,0.9,0.24
P24,low,3.14,0.84,0.05,0.03
P24,high,2.29,0.55,0.84,0.19
P25,low,3.13,0.83,0.06,0.03
P25,high,1.97,0.63,0.88,0.18
P26,low,3.3,0.73,0.05,0.03
P26,high,2.18,0.6,0.89,0.24
P27,low,3.09,0.86,0.06,0.03
P27,high,2.4,0.49,0.84,0.21
