profile_id,burden_level,willingness,access_barrier,coercion
P01,low,3.2529,0.0809,0.0780
P01,high,1.1458,0.1574,0.0630
P02,low,3.3926,0.0929,0.0700
P02,high,1.8570,0.1269,0.0381
P03,low,3.3663,0.0783,0.0717
P03,high,1.5789,0.1263,0.0418
P04,low,3.2795,0.0804,0.0845
P04,high,1.2348,0.1437,0.0738
P05,low,3.3854,0.0927,0.0830
P05,high,1.8549,0.1267,0.0426
P06,low,3.3156,0.0784,0.0779
P06,high,1.6414,0.1392,0.0515
P07,low,3.1561,0.1040,0.0923
P07,high,1.3788,0.1512,0.0717
P08,low,3.4264,0.0905,0.0830
P08,high,1.8707,0.1361,0.0451
P09,low,3.2457,0.0788,0.0804
P09,high,1.6147,0.1479,0.0582
P10,low,3.2576,0.0814,0.0785
P10,high,1.1486,0.1574,0.0635
P11,low,3.3975,0.0935,0.0699
P11,high,1.8521,0.1261,0.0387
P12,low,3.3645,0.0783,0.0717
P12,high,1.5775,0.1298,0.0433
P13,low,3.2773,0.0810,0.0849
P13,high,1.2151,0.1423,0.0742
P14,low,3.3906,0.0930,0.0828
P14,high,1.8446,0.1282,0.0434
P15,low,3.3158,0.0790,0.0772
P15,high,1.6316,0.1440,0.0522
P16,low,3.1603,0.1026,0.0911
P16,high,1.3821,0.1481,0.0718
P17,low,3.4266,0.0916,0.0826
P17,high,1.8734,0.1362,0.0448
P18,low,3.2489,0.0791,0.0800
P18,high,1.6057,0.1501,0.0585
P19,low,3.2509,0.0817,0.0786
P19,high,1.1453,0.1564,0.0634
P20,low,3.3972,0.0950,0.0705
P20,high,1.8549,0.1285,0.0389
P21,low,3.3674,0.0795,0.0724
P21,high,1.5780,0.1277,0.0429
P22,low,3.2727,0.0814,0.0851
P22,high,1.2382,0.1463,0.0744
P23,low,3.3947,0.0941,0.0830
P23,high,1.8640,0.1289,0.0437
P24,low,3.3200,0.0797,0.0782
P24,high,1.6508,0.1450,0.0525
P25,low,3.1695,0.1031,0.0916
P25,high,1.3944,0.1495,0.0721
P26,low,3.4255,0.0931,0.0831
P26,high,1.8903,0.1385,0.0463
P27,low,3.2477,0.0796,0.0807
P27,high,1.6174,0.1521,0.0586
