model,predictor,foundation,coef,se,t,p,ci_low,ci_high,r2,adj_r2,n
Model 1,(Intercept),,37.7197,2.6789,14.0806,0.0,31.9324,43.507,0.1067,0.038,15
Model 1,MFQ_composite,,2.9594,2.3744,1.2464,0.2346,-2.1702,8.0889,0.1067,0.038,15
Model 2,(Intercept),,-44.6621,39.3037,-1.1363,0.278,-130.2974,40.9733,0.3468,0.2379,15
Model 2,MFQ_composite,,2.0313,2.1591,0.9408,0.3654,-2.673,6.7355,0.3468,0.2379,15
Model 2,mean_low,,1.0874,0.5178,2.0999,0.0576,-0.0409,2.2157,0.3468,0.2379,15
Diagnostic,,ca,-1.701,10.1992,-0.1668,0.8701,-23.735,20.3331,0.0021,,15
Diagnostic,,fa,0.4192,3.6248,0.1157,0.9097,-7.4117,8.2502,0.001,,15
Diagnostic,,lo,-9.3358,5.179,-1.8026,0.0947,-20.5242,1.8527,0.2,,15
Diagnostic,,au,-6.143,3.882,-1.5824,0.1376,-14.5296,2.2437,0.1615,,15
Diagnostic,,sa,-3.0233,2.5113,-1.2039,0.2501,-8.4487,2.4021,0.1003,,15
