left_out,frame,b,p
P19,access_barriers,0.13298382755634475,0.7807262726076247
P19,coercive_backlash,1.1296604020876222,0.5468650993257329
P24,access_barriers,0.10153509664879434,0.8310268867950474
P24,coercive_backlash,1.164387386496549,0.5388606780608856
P11,access_barriers,0.17801462734118068,0.7107458430959118
P11,coercive_backlash,1.2161005819417512,0.5167722361334689
P13,access_barriers,0.0466341112675126,0.92208525555601
P13,coercive_backlash,1.125078642260152,0.5441661632154804
P10,access_barriers,0.08040133616166012,0.8675996199674886
P10,coercive_backlash,1.2948943018067158,0.500546189533072
P06,access_barriers,0.14930555555556513,0.7556655584863126
P06,coercive_backlash,1.0868055555555598,0.5726250703413971
P18,access_barriers,0.2608947735191087,0.5602854083879075
P18,coercive_backlash,1.1970229965157217,0.5155022166393279
P16,access_barriers,0.23346568902095255,0.61995195215702
P16,coercive_backlash,2.3574577963995473,0.09626158111016934
P12,access_barriers,0.03371942755956625,0.9424219195038803
P12,coercive_backlash,1.28983391566556,0.5046107630556107
P01,access_barriers,0.06578947368417598,0.8944590714131821
P01,coercive_backlash,1.2696078431372557,0.5257506739779523
P03,access_barriers,-0.04036557501915228,0.9330341011141687
P03,coercive_backlash,1.1622239146992168,0.5399430555435778
P27,access_barriers,0.27343549060065575,0.5342556145483669
P27,coercive_backlash,0.5172526134694218,0.7641862876060157
P08,access_barriers,0.10794103661433341,0.8193252420339903
P08,coercive_backlash,1.0789348549691025,0.5678909711409925
P09,access_barriers,-0.10443087036064869,0.8224641469997787
P09,coercive_backlash,0.3594183126104915,0.8431199853539626
P04,access_barriers,0.20773223575820965,0.6606460764918454
P04,coercive_backlash,1.1379271655752898,0.5474058989222575
P02,access_barriers,0.14394888806983785,0.7708442349635012
P02,coercive_backlash,1.258791006266057,0.5142634263525383
P14,access_barriers,0.12951957407541587,0.7882488124487521
P14,coercive_backlash,1.1976147766934697,0.515763327314056
P20,access_barriers,0.12820512820512242,0.7909533440649525
P20,coercive_backlash,1.0128205128204497,0.5924270533454874
P26,access_barriers,0.0332592562506695,0.9432563569271617
P26,coercive_backlash,0.9081772975984381,0.6264353574702095
P15,access_barriers,0.1003834565872867,0.8359935593228622
P15,coercive_backlash,1.2834839769926778,0.5180347470448996
P07,access_barriers,0.17194456861869473,0.7098330826813117
P07,coercive_backlash,1.195458202950265,0.5315182944675183
P21,access_barriers,0.10546945317094192,0.8259872159431636
P21,coercive_backlash,1.1069560016488822,0.5547495798049698
P22,access_barriers,0.10487471052625782,0.8284222958180567
P22,coercive_backlash,1.1977257895921634,0.5158139899743264
P23,access_barriers,0.08931424265263266,0.8499295782585098
P23,coercive_backlash,1.2883496608892058,0.5081118911272196
P17,access_barriers,0.123237821837619,0.7961539804988781
P17,coercive_backlash,1.3956451046140197,0.4681153447874278
P25,access_barriers,0.12475373984080496,0.7919495190676406
P25,coercive_backlash,1.4465156070199625,0.4550418191192298
P05,access_barriers,0.32153845231175504,0.46630601621583123
P05,coercive_backlash,1.6984688645125963,0.3720678007322832
